date,year,month,gold_open,gold_high,gold_low,gold_close,usd_open,usd_high,usd_low,usd_close,inflation_rate
2001-06-30,2001,6,264.70001220703125,277.0,264.5,270.6000061035156,11441.0,11565.0,11265.0,11390.0,0.2256063169768563
2001-07-31,2001,7,269.3999938964844,270.3999938964844,263.70001220703125,266.20001220703125,11315.0,11490.0,9265.0,9500.0,-0.1688238604389269
2001-08-31,2001,8,266.20001220703125,279.29998779296875,265.79998779296875,274.3999938964844,9563.0,9840.0,8325.0,8863.0,0.0
2001-09-30,2001,9,271.6000061035156,294.0,271.6000061035156,292.3999938964844,9055.0,9820.0,8685.0,9708.0,0.3945885005636862
2001-10-31,2001,10,291.79998779296875,292.8999938964844,275.5,279.5,10035.0,10655.0,9625.0,10475.0,-0.2807411566535633
2001-11-30,2001,11,279.70001220703125,281.0,272.29998779296875,273.8999938964844,10500.0,11025.0,10200.0,10450.0,-0.0563063063063085
2001-12-31,2001,12,273.5,281.29998779296875,271.20001220703125,278.70001220703125,10475.0,10590.0,9880.0,10455.0,-0.0563380281690117
2002-01-31,2002,1,278.8999938964844,287.3999938964844,278.1000061035156,282.1000061035156,10435.0,10600.0,10195.0,10315.0,0.1691093573844337
2002-02-28,2002,2,282.29998779296875,308.0,282.20001220703125,296.70001220703125,10325.0,10440.0,10025.0,10150.0,0.1688238604389491
2002-03-31,2002,3,298.0,304.5,289.8999938964844,302.6000061035156,10090.0,10230.0,9400.0,9825.0,0.2808988764045006
2002-04-30,2002,4,302.6000061035156,312.5,297.5,308.8999938964844,9805.0,9950.0,9145.0,9330.0,0.4481792717086819
2002-05-31,2002,5,309.1000061035156,329.0,306.79998779296875,326.5,9310.0,9440.0,8575.0,8697.5,0.1115448968209698
2002-06-30,2002,6,326.6000061035156,330.29998779296875,313.5,313.5,8563.0,9170.0,8333.0,8713.0,0.0557103064066755
2002-07-31,2002,7,314.0,323.8999938964844,300.79998779296875,303.20001220703125,8720.0,9355.0,8593.0,9064.5,0.222717149220486
2002-08-31,2002,8,303.20001220703125,318.0,298.0,312.3999938964844,9097.0,9255.0,8675.0,8855.0,0.2777777777777768
2002-09-30,2002,9,312.5,325.8999938964844,312.5,323.8999938964844,8897.5,9168.0,8725.0,8994.0,0.1662049861495873
2002-10-31,2002,10,322.0,322.8999938964844,309.79998779296875,318.0,9003.5,9450.0,8897.0,9230.0,0.221238938053081
2002-11-30,2002,11,318.79998779296875,324.5,316.5,316.79998779296875,9223.0,9329.0,8850.0,8977.5,0.16556291390728
2002-12-31,2002,12,318.1000061035156,350.5,315.5,347.6000061035156,8950.0,9090.0,8716.0,8950.0,0.1652892561983643
2003-01-31,2003,1,346.1000061035156,372.0,345.20001220703125,368.2999877929688,8920.0,9043.0,8735.0,8870.0,0.4400440044004305
2003-02-28,2003,2,368.0,388.8999938964844,342.0,350.20001220703125,8875.0,9085.0,8745.0,8883.5,0.5476451259583737
2003-03-31,2003,3,349.20001220703125,356.79998779296875,326.0,335.8999938964844,8932.5,9195.0,8730.0,8901.5,0.1633986928104569
2003-04-30,2003,4,336.0,338.3999938964844,319.29998779296875,339.1000061035156,8900.0,8995.0,8590.0,8707.5,-0.3806416530723333
2003-05-31,2003,5,339.0,370.0,339.0,364.5,8685.0,8692.0,8670.0,8675.0,-0.16375545851528
2003-12-31,2003,12,397.2000122070313,417.2000122070313,397.0,415.7000122070313,8469.2998046875,8540.599609375,8331.099609375,8404.2998046875,0.2702702702702675
2004-01-31,2004,1,415.7000122070313,428.2000122070313,396.5,402.2000122070313,8416.0,8549.5,8205.0,8442.400390625,0.431266846361189
2004-02-29,2004,2,403.0,416.0,394.0,396.3999938964844,8437.599609375,8509.900390625,8287.0,8412.7998046875,0.2147074610842514
2004-03-31,2004,3,396.3999938964844,428.0,391.1000061035156,427.2999877929688,8382.900390625,8752.2001953125,8382.2001953125,8585.5,0.2142474558114671
2004-04-30,2004,4,427.2000122070313,432.0,380.0,387.0,8585.900390625,8814.599609375,8473.0,8665.5,0.1603420630678753
2004-05-31,2004,5,387.0,396.2999877929688,375.7999877929688,394.0,8657.900390625,9310.400390625,8605.2001953125,9256.900390625,0.4268943436499306
2004-06-30,2004,6,393.8999938964844,405.0,383.0,392.6000061035156,9258.099609375,9570.7998046875,9175.0,9409.099609375,0.3719447396386854
2004-07-31,2004,7,396.0,408.1000061035156,385.0,391.0,9410.599609375,9426.900390625,8740.0,9141.5,0.1058761249338235
2004-08-31,2004,8,394.0,412.7999877929688,388.7999877929688,410.3999938964844,9111.599609375,9374.2998046875,9044.400390625,9361.5,0.0528820729772672
2004-09-30,2004,9,407.2999877929688,418.7999877929688,396.7999877929688,418.7000122070313,9361.900390625,9371.900390625,8912.0,9147.0,0.3171247357294016
2004-10-31,2004,10,419.1000061035156,430.0,410.2999877929688,428.5,9148.099609375,9212.0,8695.0,9078.099609375,0.5268703898840821
2004-11-30,2004,11,427.2999877929688,454.7999877929688,424.6000061035156,451.2999877929688,9051.7001953125,9127.5,8851.0,9018.2998046875,0.4716981132075304
2004-12-31,2004,12,451.6000061035156,456.5,432.6000061035156,437.5,9017.2998046875,9383.2001953125,8953.0,9359.0,0.0
2005-01-31,2005,1,431.0,431.0,418.7000122070313,421.7999877929688,9349.5,9481.099609375,8979.599609375,9157.599609375,-0.0521648408972286
2005-02-28,2005,2,422.2000122070313,436.0,410.1000061035156,436.5,9159.0,9304.400390625,9107.0,9258.2998046875,0.4175365344467607
2005-03-31,2005,3,435.0,446.3999938964844,424.7000122070313,428.7000122070313,9259.0,9530.0,9168.0,9465.0,0.3638253638253541
2005-04-30,2005,4,428.2999877929688,438.2000122070313,422.7000122070313,435.0,9464.2998046875,9800.7998046875,9370.0,9555.0,0.3107198342827466
2005-05-31,2005,5,429.5,429.7999877929688,413.2000122070313,416.2999877929688,9555.400390625,9559.099609375,9353.0,9508.0,-0.0516262261228694
2005-06-30,2005,6,416.3999938964844,442.5,414.0,435.8999938964844,9506.099609375,9758.7001953125,9438.0,9753.400390625,0.0516528925619708
2005-07-31,2005,7,427.7999877929688,430.5,419.6000061035156,429.8999938964844,9760.0,9888.7001953125,9655.0,9798.7998046875,0.6195147134744561
2005-08-31,2005,8,430.0,449.5,429.1000061035156,433.7999877929688,9798.7998046875,10848.0,9640.0,9929.099609375,0.6157003591585442
2005-09-30,2005,9,438.5,474.0,438.5,469.0,9929.099609375,10532.0,9900.0,10286.0,1.37684854665987
2005-10-31,2005,10,467.7999877929688,478.5,460.5,465.1000061035156,10295.0,10370.0,9850.0,10120.0,0.1509054325955716
2005-11-30,2005,11,463.0,502.2999877929688,455.2999877929688,494.6000061035156,10120.0,10189.0,9880.0,10010.0,-0.5022601707684538
2005-12-31,2005,12,494.2000122070313,538.5,490.1000061035156,517.0999755859375,10003.0,10072.0,9546.900390625,9806.2001953125,0.0
2006-01-31,2006,1,518.5999755859375,572.7000122070312,518.5999755859375,570.7999877929688,9805.2998046875,9830.0,9233.0,9355.099609375,0.6057546693589266
2006-02-28,2006,2,570.7999877929688,575.2999877929688,535.5,561.5999755859375,9355.7998046875,9433.2998046875,9085.0,9232.599609375,0.0501756146512821
2006-03-31,2006,3,562.5,589.5999755859375,539.9000244140625,581.7999877929688,9233.0,9338.0,8930.0,9035.7001953125,0.1504513540621754
2006-04-30,2006,4,582.0,651.7999877929688,582.0,651.7999877929688,9031.2998046875,9092.7998046875,8696.2998046875,8762.7998046875,0.5007511266900355
2006-05-31,2006,5,658.0,723.0,637.0,642.5,8769.400390625,9366.7998046875,8615.0,9270.7001953125,0.2989536621823774
2006-06-30,2006,6,642.7999877929688,645.0999755859375,555.0,613.5,9270.7001953125,9519.2001953125,9.0,9163.0,0.2483854942871399
2006-07-31,2006,7,631.0,677.0,612.7000122070312,634.2000122070312,9163.0,9378.7001953125,9.0,9074.2001953125,0.5450941526263575
2006-08-31,2006,8,635.4000244140625,656.0,609.0,625.9000244140625,9074.2001953125,9197.7998046875,8685.0,9104.0,0.4435682602267121
2006-09-30,2006,9,624.4000244140625,638.5,576.4000244140625,598.5999755859375,9104.7998046875,9288.2001953125,8972.0,9209.7001953125,-0.4906771344455385
2006-10-31,2006,10,598.9000244140625,608.9000244140625,560.5,604.0999755859375,9197.400390625,9319.599609375,8990.0,9083.099609375,-0.4437869822485285
2006-11-30,2006,11,612.5,648.0,612.5,646.9000244140625,9084.5,9213.7998046875,9001.0,9155.400390625,0.0495294700346704
2006-12-31,2006,12,645.7000122070312,649.7000122070312,612.0,635.2000122070312,9149.2001953125,9197.2001953125,8886.0,8980.7001953125,0.544554455445545
2007-01-31,2007,1,635.2000122070312,655.5,607.0,652.0,8980.7001953125,9162.0,8870.0,9031.2001953125,0.1659281142294633
2007-02-28,2007,2,652.9000244140625,687.7000122070312,642.0,669.4000244140625,9031.2001953125,9171.0,8939.0,9124.2001953125,0.3878350545869269
2007-03-31,2007,3,673.0,673.0,640.0,663.0,9123.5,9265.0,8985.0,9081.0,0.5200121434097538
2007-04-30,2007,4,665.5,692.5,656.0999755859375,680.5,9081.7001953125,9134.5,8974.0,9102.2001953125,0.3000662483924943
2007-05-31,2007,5,673.7000122070312,688.0,651.0,661.0,9102.2001953125,9141.099609375,8571.0,8818.900390625,0.4132994016629032
2007-06-30,2007,6,661.5,674.0,640.0,648.0999755859375,8818.900390625,9139.0,8670.0,9025.099609375,0.231675171096235
2007-07-31,2007,7,656.7999877929688,684.2000122070312,648.4000244140625,666.9000244140625,9020.099609375,9239.0,8890.0,9213.599609375,0.1780595848171584
2007-08-31,2007,8,663.2000122070312,676.2000122070312,642.9000244140625,673.0,9215.0,9487.400390625,9165.0,9454.5,0.0308280708853025
2007-09-30,2007,9,682.5,745.7000122070312,678.5999755859375,742.7999877929688,9458.2998046875,9514.7998046875,9040.0,9093.5,0.4237553390765036
2007-10-31,2007,10,745.0999755859375,795.4000244140625,724.2999877929688,792.0,9090.2998046875,9184.0,8987.400390625,9087.7998046875,0.3083237831280172
2007-11-30,2007,11,785.2999877929688,841.2999877929688,777.5999755859375,782.2000122070312,9088.7001953125,9463.7998046875,8980.400390625,9370.5,0.7858884267890387
2007-12-31,2007,12,783.9000244140625,843.2000122070312,777.0,834.9000244140625,9393.2001953125,9478.7001953125,9221.7001953125,9459.900390625,0.2898014551732553
2008-01-31,2008,1,848.7000122070312,936.2999877929688,846.4000244140625,922.7000122070312,9459.900390625,9603.7998046875,9200.599609375,9209.900390625,0.3447705076970342
2008-02-29,2008,2,924.7999877929688,973.0999755859376,884.7000122070312,972.0999755859376,9210.5,9351.599609375,8957.2001953125,9039.400390625,0.2417826877939788
2008-03-31,2008,3,984.2000122070312,1014.5999755859376,912.0,916.2000122070312,9031.400390625,197804.0,8974.7001953125,9223.599609375,0.3578027806118822
2008-04-30,2008,4,915.0,948.7000122070312,863.0,862.7999877929688,9207.2998046875,9400.2001953125,9055.599609375,9354.5,0.2314381020201539
2008-05-31,2008,5,855.0,925.5999755859376,849.5999755859375,887.2999877929688,9444.599609375,9504.5,9110.0,9346.7998046875,0.5917491656617146
2008-06-30,2008,6,887.2999877929688,933.7000122070312,858.2000122070312,926.2000122070312,9333.599609375,9458.7998046875,9130.7998046875,9194.5,1.04782350098509
2008-07-31,2008,7,943.5999755859376,986.2000122070312,893.2999877929688,913.9000244140624,9170.7001953125,9313.7998046875,9048.0,9108.099609375,0.7141444751521009
2008-08-31,2008,8,904.9000244140624,916.0999755859376,780.9000244140625,829.2999877929688,9330.599609375,9358.5,9064.0,9193.5,-0.1488475727800642
2008-09-30,2008,9,829.9000244140625,919.0,739.0,874.2000122070312,9178.7001953125,9690.900390625,9065.0,9481.7001953125,0.0855091682290032
2008-10-31,2008,10,878.0,925.7000122070312,681.0,716.7999877929688,9479.7001953125,11036.0,9330.0,11024.0,-0.8598436564828615
2008-11-30,2008,11,728.7999877929688,824.0,707.0,816.2000122070312,10961.0,12792.0,10368.0,12749.0,-1.7705477084725474
2008-12-31,2008,12,817.2000122070312,883.5999755859375,740.0,883.5999755859375,12771.0,12851.0,10595.0,11160.0,-0.8233522399403226
2009-01-31,2009,1,881.5,930.2999877929688,805.5999755859375,927.2999877929688,11160.0,11537.0,3477.699951171875,11328.0,0.2530771341261451
2009-02-28,2009,2,924.2999877929688,1004.9000244140624,889.7999877929688,941.5,11402.0,12144.0,11282.0,12041.0,0.3642660652187324
2009-03-31,2009,3,945.0,963.2000122070312,885.0,922.5999755859376,12119.0,12189.0,11393.0,11590.0,-0.0987282856538485
2009-04-30,2009,4,918.5999755859376,932.5,865.0,890.7000122070312,11592.0,11652.0,10513.0,10713.0,0.1007082519588697
2009-05-31,2009,5,884.0,980.4000244140624,881.5,978.7999877929688,10713.0,10713.0,10147.0,10155.0,0.1471493918921984
2009-06-30,2009,6,978.7999877929688,990.2999877929688,917.2999877929688,927.0999755859376,10181.0,10514.0,9855.0,10179.0,0.8299612246622345
2009-07-31,2009,7,929.2999877929688,958.0999755859376,905.5999755859376,953.7000122070312,10178.0,10330.0,9774.099609375,9774.099609375,-0.0297965454630122
2009-08-31,2009,8,952.5999755859376,971.0999755859376,931.5,951.7000122070312,9665.2998046875,10101.0,9662.7001953125,10101.0,0.3348453377792992
2009-09-30,2009,9,954.2000122070312,1019.7999877929688,948.7000122070312,1008.0,10115.0,10135.0,9451.900390625,9622.5,0.1930887233400513
2009-10-31,2009,10,1007.4000244140624,1070.199951171875,986.7999877929688,1039.699951171875,9714.2001953125,9732.5,9306.7001953125,9605.599609375,0.3001931798703783
2009-11-30,2009,11,1053.4000244140625,1195.0,1043.5,1181.0999755859375,9619.2998046875,9663.099609375,9264.0,9353.599609375,0.3348590589767664
2009-12-31,2009,12,1181.0,1226.4000244140625,1075.0,1095.199951171875,9354.7998046875,9737.099609375,9304.099609375,9427.2001953125,0.0520176399642746
2010-01-31,2010,1,1117.699951171875,1161.199951171875,1073.199951171875,1083.0,9427.2001953125,9469.900390625,9030.0,9250.0,0.0648732211624647
2010-02-28,2010,2,1081.0,1127.4000244140625,1045.199951171875,1118.300048828125,9359.9501953125,9664.9501953125,8867.7998046875,9340.0,-0.0951776649746216
2010-03-31,2010,3,1119.300048828125,1145.0,1085.5,1113.300048828125,9332.7998046875,9475.599609375,8850.900390625,9103.0,0.0331368136192278
2010-04-30,2010,4,1125.0999755859375,1181.300048828125,1111.300048828125,1180.0999755859375,9101.900390625,9149.2998046875,8870.7001953125,9028.7001953125,0.0230040533141906
2010-05-31,2010,5,1178.5999755859375,1246.5,1159.199951171875,1212.199951171875,9011.5,9544.7001953125,8923.0,9284.599609375,-0.0519772036264409
2010-06-30,2010,6,1224.800048828125,1264.800048828125,1196.9000244140625,1245.5,9285.0,9415.599609375,8910.0,9044.7998046875,-0.0418795158543816
2010-07-31,2010,7,1206.300048828125,1242.4000244140625,1158.0,1181.699951171875,9043.7001953125,9139.400390625,8852.0,8923.599609375,0.186925354168288
2010-08-31,2010,8,1183.4000244140625,1249.4000244140625,1174.699951171875,1248.300048828125,8909.900390625,9093.7001953125,8775.599609375,8918.0,0.1461363479699606
2010-09-30,2010,9,1246.300048828125,1315.199951171875,1240.0,1307.800048828125,9014.7001953125,9115.2001953125,8762.5,8931.7998046875,0.1615249422961318
2010-10-31,2010,10,1309.0,1383.9000244140625,1309.0,1357.0999755859375,8934.099609375,9056.400390625,8768.2001953125,8923.7998046875,0.348184629481163
2010-11-30,2010,11,1360.300048828125,1423.199951171875,1327.5,1385.0,891.9000244140625,9042.9501953125,885.780029296875,9015.4501953125,0.25338416234848
2010-12-31,2010,12,1386.800048828125,1431.0999755859375,1362.5,1421.0999755859375,9038.4501953125,9051.9501953125,8833.599609375,8886.0,0.4016576346828282
2011-01-31,2011,1,1415.5999755859375,1423.9000244140625,1307.699951171875,1333.800048828125,8975.0,9088.9501953125,8843.7001953125,8935.599609375,0.3243042200370194
2011-02-28,2011,2,1333.0999755859375,1415.699951171875,1324.9000244140625,1409.300048828125,9039.9501953125,9044.9501953125,8676.7001953125,8841.4501953125,0.321447463006419
2011-03-31,2011,3,1415.300048828125,1446.9000244140625,1385.5,1438.9000244140625,8811.4501953125,8826.4501953125,8518.5,8700.0,0.51735482068338
2011-04-30,2011,4,1433.4000244140625,1568.699951171875,1413.0,1556.0,8718.5,8721.900390625,8399.099609375,8553.2998046875,0.4694098975099203
2011-05-31,2011,5,1572.9000244140625,1576.5999755859375,1471.0,1535.9000244140625,8561.5,8625.5,8351.099609375,8544.4501953125,0.3181714734507679
2011-06-30,2011,6,1535.699951171875,1558.5,1490.699951171875,1502.300048828125,8539.9501953125,8629.0,8276.7001953125,8616.9501953125,0.0
2011-07-31,2011,7,1502.199951171875,1634.9000244140625,1480.0,1628.300048828125,8571.4501953125,8573.0,8322.2998046875,8495.0,0.2620036831757044
2011-08-31,2011,8,1623.0,1909.300048828125,1607.0,1828.5,8490.4501953125,8600.0,8249.599609375,8532.9501953125,0.3154462166418792
2011-09-30,2011,9,1825.800048828125,1911.5999755859373,1562.4000244140625,1620.4000244140625,8508.0,9084.5,8370.2001953125,8952.599609375,0.2171547858084377
2011-10-31,2011,10,1627.800048828125,1752.0,1596.5999755859375,1724.199951171875,8809.9501953125,8974.9501953125,89.0,8624.2001953125,0.0675207527019328
2011-11-30,2011,11,1706.699951171875,1798.4000244140625,1674.4000244140625,1745.5,8892.4501953125,9190.0,8726.400390625,9120.5,0.1847850055126887
2011-12-31,2011,12,1747.0,1762.9000244140625,1525.0,1565.800048828125,9074.9501953125,9200.0,8820.2998046875,8854.7998046875,0.0237708490154808
2012-01-31,2012,1,1568.9000244140625,1747.699951171875,1566.0,1737.800048828125,9095.099609375,9200.0,8757.900390625,9074.0,0.2724196054096683
2012-02-29,2012,2,1738.199951171875,1790.4000244140625,1669.0,1709.9000244140625,9024.0,9140.0,8710.2001953125,9005.0,0.2137446124946151
2012-03-31,2012,3,1698.5999755859375,1724.5999755859375,1633.800048828125,1669.300048828125,9050.0,9220.0,8905.400390625,9150.0,0.2093470387029228
2012-04-30,2012,4,1670.4000244140625,1682.800048828125,1612.300048828125,1663.4000244140625,9162.4501953125,9211.5,8949.900390625,9188.9501953125,0.1660788350006825
2012-05-31,2012,5,1665.0,1670.5,1528.5,1562.5999755859375,9192.4501953125,9581.599609375,9012.5,9410.0,-0.2068180132381081
2012-06-30,2012,6,1560.0,1639.699951171875,1545.5,1603.5,9368.5,9500.900390625,9115.2001953125,9415.2998046875,-0.0826363171310684
2012-07-31,2012,7,1597.0999755859375,1627.5,1557.199951171875,1610.5,9372.4501953125,9505.0,9226.2001953125,9424.2001953125,0.0288809928060018
2012-08-31,2012,8,1613.4000244140625,1690.0,1583.0999755859375,1684.5999755859375,9414.2001953125,9572.4501953125,9410.599609375,9514.7998046875,0.580952797585188
2012-09-30,2012,9,1689.0999755859375,1785.300048828125,1687.699951171875,1771.0999755859375,9562.4501953125,9620.0,9312.7998046875,9546.099609375,0.4771266277542318
2012-10-31,2012,10,1766.0,1794.800048828125,1698.5999755859375,1717.5,9589.9501953125,9636.7001953125,9534.599609375,9586.2998046875,0.2696794580438588
2012-11-30,2012,11,1722.300048828125,1751.300048828125,1674.0999755859375,1710.9000244140625,9576.5,9642.4501953125,9552.5,9571.400390625,-0.1679344494426637
2012-12-31,2012,12,1714.9000244140625,1722.300048828125,1635.800048828125,1674.800048828125,9610.0,9697.2998046875,9565.900390625,9612.4501953125,-0.0121081604677164
2013-01-31,2013,1,1672.800048828125,1694.699951171875,1625.699951171875,1660.5999755859375,9607.7998046875,9860.0,9588.900390625,9659.7001953125,0.1980788942180789
2013-02-28,2013,2,1663.9000244140625,1683.4000244140625,1555.199951171875,1577.699951171875,9669.2998046875,9737.099609375,9521.2998046875,9657.2998046875,0.5429926752100966
2013-03-31,2013,3,1579.5999755859375,1613.800048828125,1561.800048828125,1594.800048828125,9634.7998046875,9815.7998046875,9554.900390625,9688.599609375,-0.2811919102589932
2013-04-30,2013,4,1596.800048828125,1602.5999755859375,1323.0,1472.199951171875,9610.0,9751.900390625,9610.0,9691.5,-0.2087979266581219
2013-05-31,2013,5,1475.800048828125,1487.0999755859375,1342.9000244140625,1392.5999755859375,9694.0,9800.0,9505.099609375,9778.2001953125,0.0414155489501633
2013-06-30,2013,6,1389.0999755859375,1422.699951171875,1183.199951171875,1223.800048828125,9783.7001953125,9947.7998046875,9749.599609375,9897.2001953125,0.2380408205508555
2013-07-31,2013,7,1234.699951171875,1343.5,1208.9000244140625,1312.4000244140625,9900.0,10428.0,9610.0,10244.0,0.1957452300544337
2013-08-31,2013,8,1323.0,1428.0,1274.0,1396.0999755859375,10250.0,11383.0,10237.0,10908.0,0.2387290682696274
2013-09-30,2013,9,1393.0,1414.4000244140625,1292.0999755859375,1326.5,10895.0,11724.0,10788.0,11552.0,0.03769446919335
2013-10-31,2013,10,1328.0,1359.699951171875,1254.0999755859375,1323.5999755859375,11552.0,11600.0,9610.0,11147.0,0.0535231048539142
2013-11-30,2013,11,1325.699951171875,1325.699951171875,1229.0,1250.5999755859375,11245.0,11880.0,9610.0,9612.4501953125,0.184448942735238
2013-12-31,2013,12,1251.4000244140625,1267.0,1182.0,1201.9000244140625,11625.0,12217.0,9610.0,12217.0,0.2644169158479315
2014-01-31,2014,1,1204.300048828125,1269.4000244140625,1204.300048828125,1240.0999755859375,12158.0,12237.0,11745.0,12143.0,0.2424175290453689
2014-02-28,2014,2,1242.4000244140625,1343.9000244140625,1241.199951171875,1321.4000244140625,12130.0,12175.0,11112.0,11601.0,0.1100778620244158
2014-03-31,2014,3,1335.9000244140625,1391.4000244140625,1282.4000244140625,1283.4000244140625,11569.0,12295.0,11212.0,11305.0,0.204205530106516
2014-04-30,2014,4,1285.0999755859375,1330.0,1272.4000244140625,1295.5999755859375,11230.0,11643.0,11183.0,11515.0,0.1864185605097601
2014-05-31,2014,5,1288.699951171875,1314.199951171875,1241.800048828125,1245.5999755859375,11553.0,11725.0,4.0,11595.0,0.1903005903547194
2014-06-30,2014,6,1250.0,1328.699951171875,1240.5,1321.800048828125,11728.0,12147.0,11690.0,12020.0,0.1321132206079767
2014-07-31,2014,7,1326.699951171875,1343.699951171875,1280.5999755859375,1281.300048828125,11890.0,11970.0,11437.0,11561.0,0.1125485286492811
2014-08-31,2014,8,1284.0999755859375,1321.4000244140625,1272.0,1285.800048828125,11890.0,11890.0,11570.0,11715.0,-0.0160001347379701
2014-09-30,2014,9,1284.5,1286.4000244140625,1204.0,1210.5,11694.0,12238.0,11675.0,12132.0,0.0071591004800808
2014-10-31,2014,10,1207.699951171875,1251.0,1161.4000244140625,1171.0999755859375,12180.0,12309.0,11933.0,12150.0,-0.0197913903241198
2014-11-30,2014,11,1166.4000244140625,1202.4000244140625,1133.0,1175.199951171875,12110.0,12276.0,11967.0,12175.0,-0.1882660152465964
2014-12-31,2014,12,1160.0,1238.0,1141.699951171875,1183.9000244140625,12250.0,12875.0,12240.0,12420.0,-0.3084609444559238
2015-01-31,2015,1,1184.0,1303.5,1169.5,1278.5,12390.0,12755.0,12292.0,12570.0,-0.6370316441765556
2015-02-28,2015,2,1284.0999755859375,1284.699951171875,1191.5999755859375,1212.5999755859375,12713.0,12993.0,12490.0,12857.0,0.2534643680217385
2015-03-31,2015,3,1214.300048828125,1222.699951171875,1144.300048828125,1183.0999755859375,12985.0,13248.0,12845.0,13087.0,0.2693951780812442
2015-04-30,2015,4,1182.9000244140625,1224.199951171875,1174.5999755859375,1182.4000244140625,13040.0,13050.0,12605.0,12915.0,0.1042478896158938
2015-05-31,2015,5,1178.0999755859375,1228.0999755859375,1170.0,1189.4000244140625,12957.0,13228.0,12290.0,13165.0,0.3297745341246827
2015-06-30,2015,6,1190.5999755859375,1204.0,1164.0,1171.5,13198.0,13395.0,13060.0,13322.0,0.2767920810460733
2015-07-31,2015,7,1173.0999755859375,1173.0999755859375,1078.5999755859375,1094.9000244140625,13350.0,13535.0,13220.0,13492.0,0.1586319780187306
2015-08-31,2015,8,1095.5,1169.0,1080.5,1131.5999755859375,13485.0,14170.0,13340.0,13910.0,-0.0004201080517907
2015-09-30,2015,9,1133.5,1155.9000244140625,1098.199951171875,1115.5,14040.0,14790.0,13870.0,14680.0,-0.2247587519377591
2015-10-31,2015,10,1115.199951171875,1189.0,1105.800048828125,1141.5,14643.0,14738.0,13000.0,13602.0,0.098948201669069
2015-11-30,2015,11,1137.9000244140625,1138.699951171875,1051.0999755859375,1065.800048828125,13620.0,13855.0,13240.0,13638.0,0.1194617491050875
2015-12-31,2015,12,1064.5999755859375,1098.800048828125,1046.199951171875,1060.300048828125,13835.0,14150.0,13405.0,13845.0,-0.1075553426856057
2016-01-31,2016,1,1063.4000244140625,1125.699951171875,1063.199951171875,1116.4000244140625,13775.0,13978.0,13560.0,13765.0,-0.0458443563073895
2016-02-29,2016,2,1116.699951171875,1260.800048828125,1115.300048828125,1233.9000244140625,13728.0,13808.0,13265.0,13425.0,-0.1329675323582302
2016-03-31,2016,3,1240.5,1280.699951171875,1210.0,1234.199951171875,13330.0,13443.0,12884.0,13240.0,0.3134796238244419
2016-04-30,2016,4,1232.300048828125,1295.5,1209.199951171875,1289.199951171875,13155.0,13248.0,12988.0,13170.0,0.3830645161290169
2016-05-31,2016,5,1292.0999755859375,1304.4000244140625,1199.0,1214.800048828125,13170.0,13700.0,13105.0,13631.0,0.236409586931785
2016-06-30,2016,6,1215.699951171875,1355.5999755859375,1205.4000244140625,1318.4000244140625,13650.0,13698.0,13065.0,13139.0,0.2775957287827202
2016-07-31,2016,7,1324.5,1374.9000244140625,1312.800048828125,1349.0,13141.0,13230.0,12940.0,13058.0,-0.050370074347894
2016-08-31,2016,8,1348.800048828125,1366.0,1306.300048828125,1306.9000244140625,13061.0,13340.0,12996.0,13283.0,0.1849221785831689
2016-09-30,2016,9,1305.300048828125,1350.5,1301.5,1313.300048828125,13277.0,13444.0,12838.0,13003.0,0.2623209794425207
2016-10-31,2016,10,1313.5,1316.800048828125,1248.9000244140625,1271.5,12965.0,13102.0,12921.0,13063.0,0.2342687497926876
2016-11-30,2016,11,1279.300048828125,1318.5999755859375,1167.9000244140625,1170.800048828125,13016.0,13758.0,12265.0,13502.0,0.1178947716771183
2016-12-31,2016,12,1172.699951171875,1186.699951171875,1123.9000244140625,1150.0,13571.0,13646.0,13250.0,13466.0,0.2524522158776188
2017-01-31,2017,1,1155.199951171875,1219.0,1146.5,1208.5999755859375,13505.0,13529.0,13230.0,13338.0,0.4043076694815628
2017-02-28,2017,2,1211.9000244140625,1263.0999755859375,1197.9000244140625,1252.5999755859375,13345.0,13411.0,13249.0,13339.0,0.1592657357009752
2017-03-31,2017,3,1247.800048828125,1257.699951171875,1196.199951171875,1247.300048828125,13393.0,13412.0,13221.0,13299.0,-0.0467201626189517
2017-04-30,2017,4,1247.5,1294.800048828125,1243.0,1266.0999755859375,13332.0,13377.0,13099.0,13351.0,0.1234152821740774
2017-05-31,2017,5,1268.699951171875,1273.199951171875,1214.0,1272.0,13322.0,13465.0,13255.0,13319.0,-0.0773977960056293
2017-06-30,2017,6,1268.0,1295.199951171875,1238.0999755859375,1240.699951171875,13294.0,13357.0,13243.0,13278.0,0.0651628661825221
2017-07-31,2017,7,1236.0,1270.800048828125,1208.5999755859375,1266.5999755859375,13297.0,13417.0,13264.0,13320.0,0.0327649971535448
2017-08-31,2017,8,1268.4000244140625,1323.800048828125,1251.4000244140625,1316.199951171875,13295.0,13382.0,13294.0,13334.0,0.3848626163288182
2017-09-30,2017,9,1320.199951171875,1355.800048828125,1277.0,1281.5,13321.0,13566.0,13121.0,13508.0,0.5106389920997767
2017-10-31,2017,10,1275.0,1303.800048828125,1260.5,1267.0,13465.0,13647.0,13405.0,13574.0,0.077505224501384
2017-11-30,2017,11,1272.199951171875,1296.199951171875,1265.300048828125,1273.199951171875,13552.0,13595.0,13453.0,13504.0,0.2668007428251684
2017-12-31,2017,12,1274.0999755859375,1306.300048828125,1236.5,1306.300048828125,13541.0,13619.0,13480.0,13558.0,0.2106889244755105
2018-01-31,2018,1,1302.300048828125,1362.4000244140625,1302.300048828125,1339.0,13542.0,13557.0,13256.0,13421.0,0.4253344363511546
2018-02-28,2018,2,1343.800048828125,1361.4000244140625,1307.0,1315.5,13384.0,13766.0,13378.0,13694.0,0.2692287600609022
2018-03-31,2018,3,1310.4000244140625,1354.4000244140625,1301.800048828125,1322.800048828125,13757.0,13822.0,13673.0,13757.0,0.0192362410782021
2018-04-30,2018,4,1327.0,1365.4000244140625,1309.5999755859375,1316.199951171875,13786.0,13986.0,13721.5,13870.0,0.2604406656061986
2018-05-31,2018,5,1313.199951171875,1320.800048828125,1285.199951171875,1300.0999755859375,13915.5,14268.5,13853.0,13977.0,0.2257949781598212
2018-06-30,2018,6,1298.5999755859375,1307.699951171875,1244.800048828125,1251.300048828125,13923.5,14402.0,13816.0,14350.0,0.090114517209483
2018-07-31,2018,7,1249.9000244140625,1262.300048828125,1211.699951171875,1223.699951171875,14319.0,14569.2001953125,14270.400390625,14403.0,0.0780820498928358
2018-08-31,2018,8,1222.9000244140625,1223.699951171875,1161.4000244140625,1200.300048828125,14409.2001953125,14882.2998046875,14374.0,14751.0,0.1787320770339384
2018-09-30,2018,9,1193.800048828125,1206.199951171875,1180.0,1191.5,14723.0,15358.7998046875,14705.0,14918.7998046875,0.2062281702117419
2018-10-31,2018,10,1191.5999755859375,1238.5999755859375,1183.699951171875,1212.300048828125,14902.0,15409.099609375,14885.0,15273.099609375,0.2339580144498754
2018-11-30,2018,11,1215.4000244140625,1236.0,1196.300048828125,1220.199951171875,15196.0,15208.400390625,14253.0,14356.0,-0.0704191919991159
2018-12-31,2018,12,1222.5,1281.300048828125,1221.300048828125,1278.300048828125,14296.0,14710.0,13971.7001953125,14553.0,0.0684893544581344
2019-01-31,2019,1,1286.0,1325.4000244140625,1275.300048828125,1319.699951171875,14460.0,14513.0,13855.0,14033.0,-0.0814979803534399
2019-02-28,2019,2,1320.300048828125,1344.0,1301.5999755859375,1312.800048828125,13931.599609375,14244.0,13885.5,14015.0,0.3001255142321968
2019-03-31,2019,3,1312.199951171875,1322.9000244140625,1281.0,1293.0,14195.5,14411.0,14055.0,14235.0,0.3781792917230797
2019-04-30,2019,4,1291.800048828125,1309.0999755859375,1266.0,1282.800048828125,14233.0,14305.0,13972.0,14191.0,0.3759679404743643
2019-05-31,2019,5,1278.699951171875,1306.4000244140625,1266.5999755859375,1305.800048828125,14286.0,14655.0,14178.5,14401.0,0.0246833285664438
2019-06-30,2019,6,1307.0,1433.300048828125,1307.0,1409.699951171875,14268.0,14415.0,14078.7001953125,14184.5,-0.0325112810228067
2019-07-31,2019,7,1386.5999755859375,1444.199951171875,1382.800048828125,1426.0999755859375,14121.0,14235.0,13883.0,14066.400390625,0.2307876166182776
2019-08-31,2019,8,1411.300048828125,1549.300048828125,1400.9000244140625,1519.0999755859375,14165.0,14442.7001953125,14054.2998046875,14231.0,0.0914770017435451
2019-09-30,2019,9,1522.9000244140625,1553.199951171875,1463.5,1465.699951171875,14178.0,14265.0,13889.5,14158.0,0.1538846099767177
2019-10-31,2019,10,1468.699951171875,1518.199951171875,1458.300048828125,1511.4000244140625,14221.900390625,14265.099609375,13971.900390625,14060.0,0.2827282299262768
2019-11-30,2019,11,1511.0,1511.5999755859375,1447.0999755859375,1465.5999755859375,14126.0,14169.0,13833.4931640625,13868.66015625,0.281542260504386
2019-12-31,2019,12,1462.800048828125,1523.4000244140625,1453.300048828125,1519.5,13867.24609375,14170.2998046875,13719.0078125,13919.0,0.2912218521089249
2020-01-31,2020,1,1518.0999755859375,1604.199951171875,1518.0,1582.9000244140625,13862.0,13973.2998046875,13215.0400390625,13643.1806640625,0.1921664153423874
2020-02-29,2020,2,1592.9000244140625,1686.5999755859375,1547.699951171875,1564.0999755859375,13638.9052734375,14422.0,13434.669921875,14316.0,0.047467072130658
2020-03-31,2020,3,1583.9000244140625,1701.5999755859375,1452.0999755859375,1583.4000244140625,13941.341796875,16915.0,13877.818359375,16346.9619140625,-0.4528447444551498
2020-04-30,2020,4,1570.0,1775.0,1570.0,1684.199951171875,16395.5,17178.0,14399.0,15234.63671875,-0.7920147553434065
2020-05-31,2020,5,1686.5999755859375,1770.5,1670.5,1736.9000244140625,15252.7998046875,15446.0,14496.7001953125,14825.0,-0.0898325209348738
2020-06-30,2020,6,1740.4000244140625,1793.199951171875,1668.5999755859375,1793.0,14540.712890625,14603.0,13804.8330078125,14470.2001953125,0.4847499237691677
2020-07-31,2020,7,1793.5999755859375,1981.0999755859373,1765.800048828125,1962.800048828125,14604.2001953125,14950.0,14148.2001953125,14486.6689453125,0.5096443382793581
2020-08-31,2020,8,1984.300048828125,2063.0,1871.5999755859373,1967.5999755859373,14591.4765625,14971.099609375,14296.4951171875,14618.0,0.3731343283582156
2020-09-30,2020,9,1961.699951171875,1986.300048828125,1851.5,1887.5,14599.7001953125,15045.2998046875,14337.1328125,14910.0,0.2626139536318739
2020-10-31,2020,10,1884.0999755859373,1929.0999755859373,1858.800048828125,1877.4000244140625,14857.0,14933.5,14462.9052734375,14818.0,0.1238475828567287
2020-11-30,2020,11,1872.9000244140625,1963.199951171875,1762.300048828125,1775.699951171875,14632.28125,14748.7998046875,13826.873046875,14061.64453125,0.2274132890799363
2020-12-31,2020,12,1775.0,1908.0,1774.9000244140625,1893.0999755859373,14200.0,14324.2001953125,13832.3349609375,13832.5595703125,0.4346309661148906
2021-01-31,2021,1,1912.199951171875,1959.9000244140625,1802.0,1847.300048828125,13875.0,14297.0,13826.099609375,13854.8642578125,0.2449960884580937
2021-02-28,2021,2,1866.5999755859373,1871.9000244140625,1718.800048828125,1728.0999755859375,13843.521484375,14410.0,13724.61328125,13968.185546875,0.3395676223033383
2021-03-31,2021,3,1737.0999755859375,1750.300048828125,1673.699951171875,1713.800048828125,14092.2578125,14605.0,14079.6787109375,14605.0,0.524320981565296
2021-04-30,2021,4,1706.800048828125,1794.5,1706.4000244140625,1767.300048828125,14605.0,14688.0,14384.900390625,14439.7001953125,0.6238653990587206
2021-05-31,2021,5,1788.5,1905.4000244140625,1774.800048828125,1902.5,14438.0,14529.0,14055.900390625,14278.0,0.6635060424433847
2021-06-30,2021,6,1905.0999755859373,1916.199951171875,1752.0999755859375,1770.800048828125,14274.2001953125,14629.099609375,14148.0,14629.099609375,0.8461787818155431
2021-07-31,2021,7,1775.699951171875,1833.0,1768.800048828125,1812.5999755859373,14601.599609375,14664.7998046875,14343.2001953125,14450.0,0.4614747980816958
2021-08-31,2021,8,1812.4000244140625,1831.300048828125,1692.5999755859375,1815.0,14456.0,14548.0,14142.400390625,14362.0,0.2842925602144719
2021-09-30,2021,9,1813.5,1833.9000244140625,1721.4000244140625,1755.300048828125,14246.5,14385.0,14109.5,14385.0,0.4525517463950024
2021-10-31,2021,10,1754.300048828125,1809.0,1744.699951171875,1783.0,14366.5,14366.5,13579.2001953125,14229.0,0.9638202329232072
2021-11-30,2021,11,1787.5,1869.699951171875,1761.800048828125,1773.5999755859375,14161.0,14439.099609375,14003.5,14377.0,0.8566262881938069
2021-12-31,2021,12,1774.800048828125,1827.800048828125,1753.9000244140625,1827.5,14330.0,14508.0,14022.0,14285.2001953125,0.6905230550805275
2022-01-31,2022,1,1830.0999755859373,1852.699951171875,1778.800048828125,1795.0,14246.0,14445.7998046875,14063.7001953125,14381.599609375,0.6046039630400957
2022-02-28,2022,2,1797.199951171875,1972.5,1787.9000244140625,1899.4000244140625,14350.0,14457.2998046875,14081.0,14334.2001953125,0.6926379347568234
2022-03-31,2022,3,1908.300048828125,2072.0,1893.5,1949.199951171875,14395.0,14445.5,14081.2001953125,14327.5,1.115641476274165
2022-04-30,2022,4,1935.0,1997.0999755859373,1872.9000244140625,1909.300048828125,14351.0,15611.599609375,14275.26953125,14502.0,0.3083351293478031
2022-05-31,2022,5,1896.699951171875,1904.300048828125,1787.0,1842.699951171875,14490.0,14755.0,14386.0,14538.400390625,0.948499623996324
2022-06-30,2022,6,1831.0,1875.5999755859373,1801.0,1804.0999755859373,14543.900390625,14984.0,14364.5,14877.0,1.2561019986405686
2022-07-31,2022,7,1795.5,1806.0999755859373,1679.800048828125,1762.9000244140625,14921.900390625,15121.0,14822.5,14849.099609375,-0.014917428642136
2022-08-31,2022,8,1763.9000244140625,1804.9000244140625,1708.5,1712.800048828125,14826.0,14977.0,14648.5,14850.0,0.0623912814965654
2022-09-30,2022,9,1707.9000244140625,1728.0999755859375,1620.4000244140625,1662.4000244140625,14855.0,15319.2998046875,14508.7001953125,15175.2001953125,0.4242672748282716
2022-10-31,2022,10,1667.199951171875,1728.0,1622.800048828125,1635.9000244140625,15221.0,15656.7998046875,15115.099609375,15549.2001953125,0.5594754832984217
2022-11-30,2022,11,1630.800048828125,1778.9000244140625,1615.0999755859375,1746.0,15649.0,15800.5,15280.2001953125,15726.5,0.2614032556282231
2022-12-31,2022,12,1768.699951171875,1826.300048828125,1764.300048828125,1819.699951171875,15634.5,15795.2998046875,15286.0,15620.0,0.0153956343335925
2023-01-31,2023,1,1836.199951171875,1941.199951171875,1834.800048828125,1929.5,15508.7998046875,15692.099609375,14857.400390625,14995.0,0.5314022594635093
2023-02-28,2023,2,1927.199951171875,1959.0999755859373,1808.0999755859373,1828.9000244140625,14990.7001953125,15286.5,14824.7998046875,15209.0,0.3428533386591992
2023-03-31,2023,3,1827.0999755859373,2003.9000244140625,1811.5,1969.0,15240.0,15505.099609375,14838.0,15020.0,0.1230718195389002
2023-04-30,2023,4,1968.0999755859373,2048.60009765625,1950.0,1990.0999755859373,14988.0,15022.7001953125,14627.900390625,14684.0,0.3392739405144063
2023-05-31,2023,5,1980.0999755859373,2072.0,1931.0,1963.9000244140625,14663.0,15018.599609375,14570.0,14979.0,0.1614687381333635
2023-06-30,2023,6,1963.199951171875,1983.0,1892.5,1921.0999755859373,14984.0,15084.099609375,13636.599609375,15064.0,0.224175331482801
2023-07-31,2023,7,1917.9000244140625,1978.4000244140625,1903.199951171875,1970.5,14986.0,15248.099609375,13082.0,15088.0,0.1957146710348745
2023-08-31,2023,8,1964.9000244140625,1965.4000244140625,1884.0,1938.199951171875,15104.0,15389.0,15084.5,15216.0,0.4835707415079771
2023-09-30,2023,9,1950.0,1950.0,1846.0,1848.0999755859373,15231.0,15597.5,15046.7998046875,15474.0,0.3900915440960384
2023-10-31,2023,10,1844.0999755859373,2004.0999755859373,1809.4000244140625,1985.199951171875,15448.0,15972.7001953125,15068.0,15843.0,0.1366849347166798
2023-11-30,2023,11,1990.5,2052.10009765625,1932.5999755859373,2038.0999755859373,15748.7001953125,15969.2998046875,15157.400390625,15407.0,0.1468982372211602
2023-12-31,2023,12,2038.300048828125,2130.199951171875,1975.0,2062.39990234375,15549.2998046875,15679.0,14416.5,15425.0,0.1924399963653789
2024-01-31,2024,1,2063.5,2073.699951171875,2002.5999755859373,2048.39990234375,15383.099609375,15876.5,14379.7998046875,15785.0,0.3099685496905202
2024-02-29,2024,2,2040.199951171875,2064.5,1984.800048828125,2045.699951171875,15769.0,15793.2001953125,15278.599609375,15712.2001953125,0.4097540184308634
2024-03-31,2024,3,2043.0999755859373,2234.10009765625,2041.800048828125,2217.39990234375,15704.0,15914.5,14784.400390625,15877.0,0.4431338373525273
2024-04-30,2024,4,2235.699951171875,2429.0,2230.0,2291.39990234375,15848.0,16312.2001953125,15317.0,16246.0,0.2170676655621095
2024-05-31,2024,5,2287.699951171875,2435.800048828125,2277.60009765625,2322.89990234375,16273.0,16277.7998046875,14893.7998046875,16228.0,0.048558732105941
2024-06-30,2024,6,2322.60009765625,2385.10009765625,2285.39990234375,2327.699951171875,16243.0,16510.19921875,15619.0,16374.400390625,-0.0418296479604118
2024-07-31,2024,7,2323.800048828125,2473.10009765625,2321.699951171875,2426.5,16343.0,16401.900390625,14633.0,16328.5,0.1677080538199149
2024-08-31,2024,8,2446.699951171875,2527.300048828125,2367.39990234375,2493.800048828125,16255.0,16284.0,14966.0,15444.7998046875,0.1572221743858515
2024-09-30,2024,9,2501.60009765625,2672.10009765625,2476.300048828125,2636.10009765625,15525.0,15585.5,14894.5,15118.0,0.2133336729690294
2024-10-31,2024,10,2631.39990234375,2789.0,2602.5,2738.300048828125,15170.599609375,15784.7998046875,15148.7998046875,15695.5,0.2856398459641696
2024-11-30,2024,11,2745.5,2756.0,2554.199951171875,2657.0,15713.0,15976.400390625,14476.5,15878.0,0.2841926173284825
2024-12-31,2024,12,2649.0,2733.800048828125,2582.10009765625,2629.199951171875,15829.0,16389.0,14210.900390625,16085.599609375,0.3399383308901438
2025-01-31,2025,1,2633.0,2838.0,2617.300048828125,2812.5,16230.5,16613.80078125,15239.2001953125,16274.5,0.4272616213901736
2025-02-28,2025,2,2818.199951171875,2957.89990234375,2780.89990234375,2836.800048828125,16341.2998046875,16606.400390625,15607.5,16553.69921875,0.2251058906888259
2025-03-31,2025,3,2872.699951171875,3132.5,2863.39990234375,3122.800048828125,16522.0,16670.099609375,15929.2998046875,16575.0,0.0331582618814607
2025-04-30,2025,4,3129.699951171875,3485.60009765625,2949.699951171875,3305.0,16652.0,17322.599609375,15955.7998046875,16711.900390625,0.1616711227856226
2025-05-31,2025,5,3272.89990234375,3430.89990234375,3125.0,3288.89990234375,16545.900390625,16706.30078125,15156.599609375,16293.0,0.0992813032700379
2025-06-30,2025,6,3296.89990234375,3444.0,3253.800048828125,3294.39990234375,16322.0,16521.69921875,14670.400390625,16229.0,0.2541949971929469
2025-07-31,2025,7,3310.10009765625,3441.0,3263.89990234375,3293.199951171875,14581.2998046875,16521.30078125,15993.2998046875,16426.80078125,0.2283509885357748
2025-08-31,2025,8,3286.199951171875,3477.0,3281.0,3473.699951171875,16483.0,16527.0,16064.2998046875,16344.2998046875,0.3482644202266627
2025-09-30,2025,9,3485.699951171875,3865.5,3485.699951171875,3840.800048828125,16409.0,16821.400390625,16252.400390625,16628.0,0.2950901819104068
2025-11-30,2025,11,3976.199951171875,4228.7001953125,3927.39990234375,4218.2998046875,16630.0,16769.30078125,15636.2001953125,16603.900390625,0.2522783697512576
2025-12-31,2025,12,4218.5,4556.2998046875,4167.0,4325.60009765625,16641.0,16803.69921875,16438.19921875,16709.0,0.297788428704604
2026-01-31,2026,1,4350.60009765625,5586.2001953125,4314.39990234375,4713.89990234375,16668.0,17003.599609375,16663.30078125,16778.30078125,0.170842649932057
2026-02-28,2026,2,4807.7001953125,5280.0,4400.0,5230.5,16767.0,16949.0,16716.0,16749.0,0.267003074209704
2026-03-31,2026,3,5346.60009765625,5405.0,4100.7998046875,4647.60009765625,16800.0,17056.900390625,16749.599609375,16975.400390625,0.8651438343614481
2026-04-30,2026,4,4668.39990234375,4879.7001953125,4515.7001953125,4614.7001953125,16936.400390625,17388.19921875,16512.80078125,17334.19921875,0.6400377846336402
2026-05-31,2026,5,4636.7001953125,4765.2001953125,4363.5,4560.5,17311.0,17899.19921875,17238.900390625,17840.0,0.4729142286413967
2026-06-30,2026,6,4523.5,4541.39990234375,3962.5,4022.89990234375,17817.0,18222.0,17504.599609375,17925.0,-0.4224816530380648
